company;urn_id
1602 capital partners;24998670
1ct management aps;1281689
21 invest;9215522
2a capital;3849530
3 seas capital partners;97998
333 capital;3991287
3s finance;8528419
414 capital;2189772
52 capital partners;18629389
555 capital advisors;17984311
7 mile advisors;2053738
a. anthony corporate;6354306
a. e. rosica & co;15970594
a1 capital partners;13398161
aalto capital group;
aarayaa advisory services;2122237
abacus advisors group;3916687
abb merchant banking;2880316
abelia consulting;21375400
abg sundal collier holding asa;23776114
abn amro (pre 2009);
abn amro bank nv;
abolon group;12064032
abraxas corporate finance;64148565
absa bank;30166965
aca nexia;1290363
acap advisory;10401244
accelerator group;2470835
accelero capital;2663317
access capital advisors (us);
access corporate finance partners;1526003
access partners;10226747
accuracy;436400
acf investment bank;1225969
achelous partners;15921944
acil tasman consulting;
ackkarrs bruk;
ackrell capital;1830516
acl securities;1321477
acorn capital partners;10292784
acq'cess conseils;
acquest international;1450302
acris / centric advisors;
acta corporate finance;372137
active scouting corporate finance;10088132
acuity advisors;95939
acumen capital finance partners;57225859
acxior corporate finance;3169155
acxit capital partners;6392589
adacta studio associato;
adam smith;28385
adam street advisers corporate finance;21261732
adams harkness;7565
adelaide equity partners;8715008
adeva;9341956
aditus;69675274
adl capital partners;8076908
admedia partners;45819
adna partners;3850361
adrem capital;19904423
advance capital;5082830
advance capital sas;
advanced equities financial corporation;60478690
advest group;8763530
advice dynamics partners;16013580
advicorp;151245
adviso partners;9483333
advisory plus co;
advium corporate finance;72303
advizer k/s;
advolis;5385183
aec advisors;11863781
aec partners;41707
aeg partners;110490
aegis financial;3347921
aequifi;25841040
aequo partners;18383956
aertus finance;3849008
aeternus;704864
aexecutive & fact;
aextensia;26109688
affectio finance;26165864
affentranger associates;291584
affin hwang capital;51928738
aforge degroof;
aga management;35644
agc partners;23179
ageas /;1055408
agi corporate finance;2719198
agicom;19130503
agile equity;71450536
agm partners;18883341
agn shipleys;110480
agora corporate consultants;
ags consulting;27172449
ahorro corporacion financiera sv;38636990
ahv associates;8610797
aib corporate finance;
aigis;78380028
aj securities co;18583207
akin bay company;15628128
akur capital;11325841
al mal capital;57763
alantra;47195
alba partners;14804561
albacore partners;1169493
alberdale & co;21415327
albert e sharp;2974834
albino moran & partners shipbrokers;
alcedo sgr;
alchemy partners;1235225
alegro advisors;21886810
alexander david securities group;
alexander partners;6637213
alfa bank;8368
alfaro, davila y scherer, sc;
alfred berg asset management;23994813
alfred henry corporate finance;2224622
alienor partners;1357933
alira health;11010066
alitum partnership;
alixpartners;7787
allan & co;54366172
allan hall partnerhsip;
allegiance capital corporation;31435
allegro advisors;139353
allegro corporate advisory;139353
allen & company;23173
allenby capital;1867372
allert & co;2695801
alliance advisors;1162572
alliance capital partners;18553688
alliance investment bank;
allier capital;1893986
alltax;4357954
allyum;1682574
alpacar associates;9382593
alpha advisory;38124806
alpha bank;23492
alpha corporate finance;2817587
alpha helix corporate finance;26546896
alta equity partners;27218079
alta group;10473802
altamar advisory partners;38623867
altheo;1886399
altis capital;72030806
altium capital;18848384
altius investment banking;933526
altus capital;13228466
alvarez & marsal holdings;
alvarium investments;122367
am capital;10774875
am capital (africa & middle east capital);
ama capital partners;1700881
amala partners;69756528
amasse capital holdings;
ambassador financial group;
amber infrastructure;377428
ambers & co;97760
ambit;162404
ambrian partners;530469
ambromobiliare;2615539
amethyst corporate finance;64118189
amfinity capital;
amherst partners;1090934
ami capital;19104660
amidas partners;4850331
amies international;4182413
amilton partners;25579309
aminvestment bank berhad;504674
ample capital;13663778
ampton investments;4122127
amr international;1070057
ams corporate finance;1450395
amsterdam pacific securities;
amvest financial group;68900182
anchor advisors;219516
anchors aweigh capital;14045049
andera partners;18569808
andersen fin;
anderson & strudwick;62222
anderson anderson & brown;803012
angle advisors;1157743
anhui gouxin assets valuation company;
ant capital;19101104
antares international partners;80282161
anthem corporate finance;11966708
antika partners;1708361
antonio corbani;
anv partners;2190364
anvil partners;10757957
anz bank;56360867
aon benfield;1687163
aon corporation;923705
ap management;2261731
aperghis & co;5351020
apex corporate finance;1530843
apoyo finanzas corporativas;50899
app securities;3646855
appeal strategy & finance;
aqua corporate advisory co;11207229
aquasia;1104664
aquilo partners;2956946
aquin & cie;
araujo fontes;668096
arbuthnot banking group;
arc associates;6641731
arc securities;34521928
arca sim;
arcadia securities;8815473
arcano partners;137611
arctic securities;445857
arcus financial advisors;15145242
arden partners;490304
arev management;1509941
argen partners;14811151
argent partners;2130601
argonas corporate finance advisors;2359422
argonaut;2991926
argos wityu partners;
argyll advisory;971525
arjil groupe altium (formerly arjil et associes banque);
arkeon finance;88713
arkios italy;2388711
arkwright group;70326960
arlington asset investment corporation;16198451
arlington capital advisors;16231821
arlington group asset management;21166259
arm corporate finance;163252
arma partners;41958
armada capital;2405777
armillary private capital;2889312
arpe group;7165068
arpwood capital;74729443
ars corporate;213816
arsene;1212737
artamir;50555514
arthos corporate finance;6101979
arthur philip;60444479
artica invest;
artion securities;
arva consulting;1543654
as. freeman advisors;
asante partners;138589
ascent partners valuation service;1684958
asgard partners;11129386
ashcombe advisers;21023319
asia plus group holdings pcl;
asian appraisal company;
asian capital (corporate finance);
asiasons wfg financial;
asiavest partners, tcw/yfy;
aspect consumer partners;6421171
aspen equity partners;542252
asset chile;1115957
assiafin consultants;
astaire securities;9547173
ata yatirim menkul kiymetler as;
atfis;1310747
athelera;
athena professionisti e consulenti associati;10528945
athos finance;73072608
atl capital;2603499
atlantic associates;62242
atlas advisors;2234504
atlas capital close brothers;
atlas strategic advisors;21061541
atlas technology group;2174678
atn allgemeine treuhand nord;37717935
atout capital;315517
atr kim eng capital partners;
atreg;1222088
atria capital;137794
atrium partners a/s;
attijari bank;769946
attijariwafa bank;16970
attijariwafa bank (middle east);
audon & trap;
augeo ventures sp. zoo;
augusta & co;853432
aura capital group;
auramet trading;8014389
aurige finance;5000720
auris finance;15243730
austin associates;497274
avalon net worth;5027393
avantgarde capital company;40809427
avendus capital;37198486
aventum partners oy;
avic securities co;44150123
avington financial;6967801
avm private equity;13616043
avondale group;69048211
avondale partners;33190
avvalor corporate solutions srl;
axance finance;49583906
axeco corporate finance bv;
axia ib;2471495
axia ventures group;536008
axiom capital;1362762
axis bank;162609
axis capital;33354
axis commercial finance;250561
axonia partners;505119
axys finance;6121855
az capital;72466
az conseils;18743658
azimut global counseling;
azimutus;36985
aztec (trading corporate ventures, .);
aztec financial services (jersey);
azure capital;45949
b. riley & co;55463025
b. riley securities;11469697
b2a partners;3156797
babcock & brown;9314
bacchus capital advisers;19843519
bahana securities pt;5702794
bailey southwell & co;1642821
bain & company;2114
bainbridge capital;54407
baker tilly international;20909204
ballas capital;1031483
balmer-etienne;3849796
balmoral advisors;7944433
baltic corporate finance;43280326
baltic partners;17898873
bam&a corporate finance;372612
banca akros - oaklins;
banca de inversion bancolombia;928827
banca della svizzera italiana;65213749
banca esperia;24662439
banca euromobiliare;664436
banca finanziaria internazionale;448698
banca imi;19625629
banca intermobiliare di investimenti e gestioni;67131
banca leonardo;463392
banca march;740880
banca mb;80041
banca profilo;26252
banco bice;88559
banco bilbao vizcaya argentaria;4860
banco bpi;944027
banco bpm;15218308
banco bradesco bbi;
banco brascan;23209
banco btg pactual;41031695
banco de investimento global;23532
banco espanol de credito;38892041
banco finantia;16270
banco indusval;1084959
banco itau bba;40988258
banco modal;46049
banco portugues de investimento;944027
banco sabadell m&a unit;
banco santander;2873
banco santander mexico;1254727
banco urquijo;23832
banif investment bank;
bank advisory group;8759270
bank alkhair bsc;41574
bank am bellevue;65186707
bank insinger de beaufort nv;1372068
bank j. safra sarasin;889129
bank julius bar & co;
bank lombard odier & co;6645
bank mandiri (persero) tbk, pt;
bank of america;1123
bank of america corporation;53662292
bank of scotland corporate;
bank oyens & van eeghen;
bank pekao;162638
bank vontobel;
bankersbanc capital corporation;
bankhaus lampe kg;3850050
bankinter;11697
banks street partners;
banque arjil et cie;
banque bruxelles lambert;5963373
banque delubac et cie;
banque palatine;162642
barber harrison & platt;
barber hauler capital advisers;512462
barbich longcrier hoper & king;
barclays;1426
barings bdc;
baron group;73078
barons financial services;20933111
barrier advisors;35696084
barrington associates;2390166
barrington research associates;
barron international group;15152725
barwon investment partners;8620793
bastion capital africa;5099407
bastion group;750363
baxter fentriss & company;5657794
bay capital group;11475207
bay harbour management lc;
baycap;75772381
bayerische landesbank;9829
baytree capital associates;
bb banco de investimento;41010035
bbb capital;74307908
bby;2127
bc. ziegler and company;
bcc capital;138000
bcms corporate;24773177
bda partners;162670
bdc corporate finance;530028
bdo;2756919
bdo sungto-ehyun;
bdt & company;40745840
be partner;8224201
be partners;79725971
be1 & co;
beacon securities;1056928
bear stearns & co;24972792
beaumont cornish;11141258
beconwood group;
beer & partners;37214197
beijing de xiang assets appraisal co;
beijing dewei assets appraisals;
beijing integrity financial consulting;241340
beijing jingdu assets valuation co;
beijing securities;6263018
beijing zhonghe yingtai management consulting co;
beijing zhongkehua certified public accountants co;
belfer management;4542560
belfius banque;
belgrano & co unternehmensberatung;65965805
belgravia & co;10862327
bell lawrie white;55108057
bell potter securities;29112
bellavista raich;
bellevue group;10113500
belluzzo international partners;1372761
bellwether capital;11830882
belmoro corporate advisors;
benchmark international;2372445
benedetto, gartland & company;
benefit finance;9139518
benfield advisory;60012700
bengur bryan & co;1656104
bennett verby;1580740
benson partners;12998328
bentall kennedy group;1392417
beragua capital advisory, sl;
berchmann capital srl;5727733
berenberg bank;41232085
berenson & company;
berg kaprow lewis;
bergner & co;15714780
berhan;76151001
beringea;151641
beringer finance;3767957
berkeley research group;982614
berkery, noyes & co;
berkshire global advisors;67094
berry dunn mcneil & parker;58945584
bestar securities investment;
beta finance;9503104
bf & company;18719102
bfin;14672340
bg strategic advisors;98616
bgfi bank;31451016
bhf-bank aktiengesellschaft;41119372
bhp corporate finance;2625373
bhs bank;18046260
bi corporate finance;31260823
bic securities;72948
bill tresethen & co;
bio-ib;137939
bishopsgate corporate finance;2584020
biuro maklerskie pko banku polskiego (bm pko bp);
bkd;11356
bkl weeks green group;
blackpeak capital;74180362
blackrock;4764
blackstone advisory partners lp;
blacktrace;756241
blackwood capital group;264908
blair franklin capital partners;99287
blijham overname & advies;1211993
blitzer clancy and company;
blue corporate finance;2344032
blue ocean capital partners;1083039
blue river financial group;5267042
blue sky corporate finance;2344032
blue vision a/s;
bluemind;2402671
blueshirt group;50380
bm&a;985618
bmi appraisals;2399416
bmo capital markets;2589
bmodel;5355046
bmr advisors;213023
bnl - gruppo bnp paribas;1978971
bnp paribas;1508
boc international (china);
boc international holdings;42041365
bocom international holdings company;484059
boenning & scattergood;571159
boer & croon corporate finance;
bohai securities co;44310818
bolagsradgivarna norden;
boltendahl international partners;365015
borealis;162761
borghesi colombo & associati;6195735
borghesi e associati;11198134
boston meridian;1264758
boulton capital asia;6535712
boustead securities;2913373
bowen advisors;1524436
bowstring advisors;55248518
bpg beratungs und prufungsgesellschaft mbh;69198138
bpi capital corporation;6368491
br partners;1000145
brabners stuart;
brandon hill capital;19982584
braveheart financial services;6169822
bravia capital hong kong;
brean capital;79612
brendan murphy & co;
brentwood capital advisors;151460
brera advisory;31429969
brewin dolphin holdings;6938338
briand conseil & developpement;48968759
bridge & sun co;74112633
bridge partners capital;3238140
bridgefield corporate finance;12574321
bridgepoint investment banking;2600880
bridgewell corporate finance;64039616
brightwater holding;
brindiamo group;27023366
british linen advisers;8454572
broadband capital management;
broadgate advisers;27024715
broadhaven capital partners;1849569
broadmark;64519643
broadoak capital partners;592017
broadspan capital;54285
broadview international;5152
brocair partners;209994
brookwood associates;48398
brown brothers harriman & co;60613084
brown shipley & co;
bruce mcknight minerals advisor services;8415402
bruckmann, rosser, sherrill & co;
bruml capital corporation;111407
bruno deutsch corporate finance;46843260
bryan, garnier & co;
bryant park capital;365926
btg mcinnes corporate finance;55155929
btg pactual chile;18926134
btig;489734
bualuang securities;14632597
bucephale finance;1472213
buckingham corporate finance;19593731
builder advisor group;6401365
bunadarbanki islands hf;
burdale financial holdings;64238111
burgan securities;2849684
burgis & bullock;853320
burlington business consultants;656162
burnham hill partners;9054114
burnvoir corporate finance;6588063
bwmacfarlane;
c&co/princeridge;54154315
c. schwab;58190937
c4c business valuation and analysis;
ca ib corporate finance (formerly creditanstalt investmentbank);
cabinet constantin (constantin associes);
cabinet exco;1029289
cadiz holdings;5967429
cag;3493
caida securities co;
cain brothers / kbcm;
cairn financial advisers;710054
cairui consult;
caitong securities co;44073305
caixa banco de investimento;48691
caixa geral de depositos;162984
caixabank;7848
calash;971629
callisto;3331159
callisto partners;7586732
cambodian capital securities;
cambon partners;1307107
cambridge international partners;15885744
cameron barney;12977807
cameron partners;3762444
campbell lutyens & co;
canaccord genuity group;7564
canaccord genuity hawkpoint;
canaccord genuity patersons;
canaccord genuity petsky prunier;
canec international;60178235
cannongate partners;6029492
canson capital partners;11122162
canterbury partners;8559594
cantor fitzgerald;162889
canwin asset appraisal co;
cape capital;14044245
capeo;18884702
capexia;1449290
capia;10522739
capillar advisory;35479292
capital and finance (capfi);
capital bank;1123
capital canada;2177734
capital concepts international;2970322
capital group communications;339228
capital growth advisors;13447607
capital link;80921
capital markets initiative;5351527
capital one advisers sp. z oo;
capital one securities;14382577
capital plus advisory;3883910
capital resources financial services;239366
capital run;141115
capital securities co;1389495
capital securities corporation;3795888
capital source;2113854
capital times;637486
capitalia;8671
capitalmind corporate finance advisory;
capitalsource;12746
capitellum a/s;
capival;5211794
capm advisors;9487260
capnua corporate finance;12593772
cappello capital;15931647
capstone finance;14863046
capstone financial group;10886399
capstone partners;36093
cardean bell;18632181
cardinal investment company;
caretti & associati;
carey, moreault & associates;
carl kliem;648548
carling capital partners;52299251
carlsquare;907453
carnegie investment bank;5538
carner corporate finance;34713645
carpima;8850319
cartesian capital;76515011
cary street partners;73398
cascade partners;62604
cascadia capital;30470
case corporate finance;3486381
casesa shapiro group;6004506
casimir capital;67516
cassagne & goirand associes;
cassel salpeter & co;
cassiopea partners srl;
castle creek financial;13442069
castle square corporate finance;10633388
castlegreen partners;8273850
castores magi (hong kong);
catalyst advisors;97990
catalyst corporate finance;51429
catalytic solution and management services . . (imap india);
catapult advisors;113192
catella;221758
cattaneo;2231251
caurus partners sas;
cavour s&p srl;
cavu corporate finance;3501752
cazenove group;64132547
cb securities;34691013
cc & soci;57644365
cc group sp. z oo;
ccb international;689524
ccf charterhouse;8936918
cdb securities co;89160
cdc ixis;51308680
cdi global;54267
ce unterberg, towbin;
cec capital;1361814
cedar capital partners;2127565
cefc shanghai securities;
celeste consulting;5835741
celestial asia securities holdings;8687967
celestial capital;5465738
cenkos securities;1842233
censor;18691695
centerview partners;73704
central china securities co;9068062
central europe trust (cet);
centrobanca;
centum capital;70516255
centuria capital sas;
centuros;40874965
ceres corporate advisors;
cet polska sp. z oo;
cf:m;10169076
cfa corporate finance advisors srl;
cfc corporate finance contor;72829738
cfi finance - athema;
cfoxpert;320198
cgs management;1463803
ch. reynolds corporate finance;221669
chadwick corporate finance;34959
chadwick, saylor & co;
chaffe & associates;2290043
challenger capital group;2208489
champlain capital management;12599230
changjiang financing services;9009361
chantry corporate finance;16918096
chapel hill advisory partners;
chapman associates;991805
chardan capital markets;
charles schwab soundview capital markets;
charles stanley group;20947567
chartview investments;2337673
chartwell financial advisory;1439203
chase corporate advisory;3599092
chase manhattan corporation;56691723
chasing securities co;765928
chengdu ruifeng certified public value;
cherry tree securities;
chestnut corporate finance;496574
chestnut securities;2087684
china commerce assets appraisal;13610936
china dragon securities co;5579870
china enterprise appraisals co;1315489
china everbright bank co;80101223
china fortune financial group;14435530
china galaxy securities co;43493448
china great wall securities co;
china international capital corporation;13761415
china investment securities co;41944868
china merchants securities co;298199
china renaissance holdings;42549304
china securities co;874147
chinalin securities co;43561972
chongqing kanghua;65627019
chung ang accounting;68941061
cibc world markets;60456493
cic banque de vizille;
cic conseil;3848248
cic corporate finance;71492768
ciesco;2732719
cim partners;8875705
cimb group sdn bhd;
cinda securities co;
cit group;25070749
citi;11448
citic securities co;43950011
citizens financial group;1810899
citroen wells;136586
city & merchant holdings;
city capital corporation;1655150
cjk financial;4365560
ck. cooper & company;
clairfield germany;
clairfield international;905064
clarity;2481643
clarkson;16242
clarus securities;113676
clasen+co;5547239
classic strategies group (csg);
clayton capital partners;1303064
clb coopers;20035351
clb partners;9277467
clearridge capital;488512
clearsight advisors;2345581
clearwater international;5233403
clement keys;19881104
clermont energy partners;644406
clifford chance;3954
clifftop colony capital partners;2928998
clifton finance & management support;46465
climate change capital group;15173226
clinvest;1784729
clipperton finance;19384637
clive owen;1245395
close brothers group;
clsa;163114
club d'entrepreneurs associes agregator;
clydesdale bank;2358
cmb international capital corporation;
cmt advisory sp. z oo;10548411
cmw international corporate finance;
cni networks;55118622
cobalt corporate finance;22105688
cobbcorp;15333668
cochran caronia & co;141547
code advisors;724537
code securities;10823478
coffer corporate leisure;5397644
cofina corporate finance;3335361
cofire mba capital international;
cofiri;67536
cohen & steers;32247
cohen bros & company;
cohen capital partners;2092794
cohnreznick capital markets securities;15444290
colchester partners;9166545
colcorp;
cole associates;89333
collins barrow toronto;
collins stewart;7983507
colombo & associati;9500782
colville partners;42679427
comcap;15075685
cometrue;77732380
commerce street capital;
commerzbank;157323
compagnie d'anjou;26310550
compagnie europeenne de developpement (ced);
compagnie financiere du lion;2516722
compass advisors;11691009
compass partners;3829346
compass rondelli advisers;
compere;9217920
comstock capital & advisory group;
comstock capital partners;59812239
concentro management;3844712
concorde capital;11534731
concorde mb partners;10238105
condie & co;7070568
confluence advisors;343970
connaught;9324907
connolly corporate finance;5734558
conquest advisory;10143864
consensus advisors;60665979
consilio partners â€“ euromerger denmark;20565046
consilium entrepreneurs;9497826
consulta;2119339
consultingkontor;5431237
consus partner;3850977
continental capital partners (ccp);
contrada partners;63925617
conventum corporate finance;5932148
convex capital;102431
conway mackenzie;42053
cook associates;20163
cooper parry corporate finance;5350166
copper run capital;
corbett keeling;2546511
corestar partners;3167206
corfina capital;31275969
cormark securities;1880881
cornerstone partners;679540
corporacion financiera colombiana;
corporate advisory solutions;3188588
corporate development international (cdi);
corporate finance associates;200280
corporate finance international;1289547
corporate finance mittelstandsberatung;2831095
corporate finance partners (cfp);
corporate finance partners cfp bioconnect;6264419
corporate fuel advisors;137156
corporate solutions group;9270546
corporate synergy;137134
corum group;204737
corus corporate finance;9321348
costa asesores;76992179
country group securities pcl;71295931
cove partners;11046583
coveview advisors;843847
covington associates;425204
cowen group;122765
cowen latitude asia;6051139
cowgill holloway;20769489
cp advisors srl;
craig corporate management;1408079
craig-hallum capital group;88976
craigs investment partners;50870
craven street capital;11108442
credicorp capital;3069113
credit agricole;7467
credit agricole indosuez;44565771
credit du nord;163276
credit suisse;1284
credo corporate finance;21240628
credo partners;89056
crescendo finance;11306099
crescendo ventures management;3718305
crestprecise cis;
crido corporate finance;3024260
crisil;163261
criticalpoint partners;2856210
croft & bender lp;
croissance & finance developpement;1979062
croissance partenaires;1376903
cronus partners;2188725
crosspoint advisors;7955493
crosstree capital partners;
crowe;5507
crowe horwath australasia;
crowe uk;1295794
crusader investments;25143909
crutchfield capital;10401931
cs capital advisors;1435478
cs corporate advisors;2615042
cspi;3188876
ctbnl;6504937
cube advisory srl;
cultivum corporate finance;
cummings & company;1414583
curtis securities;5292719
cushman & wakefield;4060
cushman & wakefield healey & baker (c&w/h&b);
cv capital;15235846
cvcapital;3581912
cw. downer & co;
cypress associates;1118938
d&a;1393
d'henin finance;25406351
da. davidson & co;
dae young accounting corporation;63324206
dahlman rose & company;
dains;585816
daishin securities co;
daiwa securities group;
daiwa securities group / dc advisory;
daniel stewart & co;
daniels & associates;51653
danielson associates;2684018
danske bank;2630
danu capital group;2527780
davenport & company;44350
davidowitz & associates;15772866
davy corporate finance;
dawnay day fin;
dbo partners;2737742
dbs bank;163379
dc advisory;993660
dcs advisory;17727452
dct deutsche cleantech;3329956
dd&f consulting group;1963933
dda & company;3274795
ddn capital partners;
ddo capital;19988027
de guardiola advisors;59873400
de keijzer nipius & co;
deacons;3051727
dealglobe;5259340
dean capital advisors;10391218
dean street advisers;12034577
decisionpoint international;53315293
decosimo corporate finance (dcf);
degroof petercam;10164468
delacour;610463
delafield hambrecht;115179
delaney locke & thorpe;
delfinus;12632184
deloitte;1038
delphi advisors;9075011
delta partners;163413
den breems & schouten bv;
deniz yatirim as;
deniz yatirim menkul kiymetler as;
denovo corporate advisors;1615861
desilva & phillips;54498379
desjardins capital markets;5625866
detroyat associes;
dettling;18673690
deutsche bank;1262
deutsche ufg (united financial group);
development and investment bank of turkey (tkyb);
development bank of japan;2133781
developpement & finance;1728089
devon value advisers;114530
dewberry cesinger hodgson;
dexia corporate finance;52660911
dfcb finance;
dg bank;8320079
dgcm;10227843
dh capital;80190609
dhd corporate finance;
dhir and dhir asset reconstruction and securitisation company;
dht corporate services;276144
di yuan immoveable property consultancy;
dial partners;73439713
dimensions conseils;3851935
dinan & company, llc;
district capital partners;3489402
dla piper business advisory;10628826
dmr corporate;7715303
dna capital;2042259
dnb markets;4460
doertenbach & co;18470331
dolmen securities;
dom maklerski banku ochrony srodowiska  (dom maklerski bos );
dome group;1461266
donaldson lufkin & jenrette  (dlj);
dongguan securities co;13466269
donghai securities co;43540386
dongxing securities co;13704207
donnelly penman & partners;115074
donvex capital;5620105
dow schofield watts;1350476
dowgate capital;3850532
dr. kleeberg & partner;496673
dra advisors;13016489
dragon capital;163497
dragonknight advisors;386680
drake star partners;19472990
dresdner kleinwort;3010635
dresdner kleinwort benson;41343655
dresner partners;48745
drexel hamilton;465466
driver re & consulting srl;
drp capital;1635702
ds. prudential management company;
dsa;10037
duff & phelps, a kroll business;
duncan capital;13258943
dundonald holdings;34860450
durham capital corporation;57385349
durlacher fin;
dutch dream group;2612680
dvr capital;2478801
dyer & blair investment bank;1337255
dz bank;163536
dâ€™angelin & co;
e. j. mckay & co;1003748
e. ohman j:or fondkommission;
ea markets securities;1458927
earlybird venture capital  & co kg;
earlybirdcapital;9251665
east side financial advisory;20327916
easton clearwater;
eaton square;216970
ebner stolz gruppe;
ebner stolz management consultants;6573654
ec hambro rabben & partners;63870729
ec mergers & acquisitions;
eca expertise comptable et audit;9440628
ecofin;2170968
economic development corporation of utah (edcu);
ecpi group;62974876
edelweiss financial services;15004
edge healthcare partners;2228490
edgemont capital partners;52496682
edgeview partners;6861283
edmond de rothschild corporate finance;
edward associates;2105617
edwards;163578
efcg;12898400
efg-hermes holding sae;
efibanca;
efic partners;10435718
egr broking;3244272
eidos partners srl;
eiendomshuset malling & co;1151218
eiger ventures;18168446
eight advisory;609106
eight capital;16269482
eir partners;13178318
eji capital;26704697
ekapartners;3994346
elara capital;579289
elderstreet investments;1801946
electa group;25167720
elyseum capital partners;
ema partners;30417
emc corporate finance;2060667
emendo capital;2825007
emerging growth capital (eg capital);
emerging india value advisors;1048071
emintad italy;5376899
emmergia negocios en desarrollo;40427416
emperor capital group;
endeavour financial international corporation;
endeavour fp office;
endicott financial advisors;59926502
energy advisory;387414
english trust;11361080
enrizen capital;43228539
entrepreneurs & finance;10977663
envent;922783
envent capital markets;2505647
eoc partners;1245658
epl advisory;8198112
equalis capital france;
equideals;3304039
equinet bank;41405299
equipeholding;
equirus capital;79202448
equita corporate finance;92200
equita k finance srl;
equita sim;52329246
equiteq advisors;11074657
equity factory;11167201
equity matters;35611420
equity research services;10424180
equity ventures;64657352
equitygate advisors;916891
ergos energy partners;5671010
erik penser bankaktiebolag;
ermgassen & co;62867
erneholm haskel;4847408
errigal advisory;8047597
erste group bank;315535
esae capital partners;15386256
esos capital;1943924
esprit capital advisors;5670039
esselpe;26287840
essence securities co;588222
essentia advisory;27229114
estater assessoria financeira ltda;
estructura partners;11007012
ethica group;714388
etxe finance;19184998
eugene accounting;162252
eurallia finance;3090926
eurasia capital partners;
eurasia invest advisory;12601918
eurasian consulting;3525597
euro latina finance;6538608
eurodeals;1797149
eurohold;142196
euroland corporate;1385878
euromed advisory;25612288
euromerger;5080966
europa investimenti corporate finance;
europa partners;73948
european growth management (egm);
european strategic consulting;27782
europlay capital advisors;100627
euroz securities;56683681
eurvad finance;3317008
euto capital partners;
everbright securities company;447056
everbright sun hung kai company;13420378
evercore;163732
evergreen advisors;1358719
evli bank;
evolution capital;2029772
evolution media;11317012
evolution securities;35958
evolution watterson securities;8494679
ewing bemiss & co;
excel partners holdings;
excellion capital;2284061
executive sounding board associates;152437
extension advisors;15173518
ey;1073
faa financial advisory;5033576
fabien lemaire conseil;46195838
fairfax is;
fairmount partners;51613
falcon advisers;229426
falcon capital partners;986987
falk  & co kg;615048
falke bank;5524848
falkensteg;10589593
falls river group;142376
fanshawe lofts;
fante group;838622
fantozzi & associati studio legale tributario;
far east securities;34169
farazad investments;2135105
fbn capital;63857334
fbr & co;36705421
fdr finance;6298764
fearnley securities;2998871
feldman financial advisors;15552666
fenchurch advisory partners;10458242
ferber & co;15970724
ferghana partners;747419
ferrier hodgson & co;
fiannciere ponthieu;
fibrival;25961356
fidante partners europe;21381516
fidea;74051
fidentiis capital;
fidus sal;
fieldstone private capital group;
fifth third bancorp;
fig partners;74023
fig partners sas;
fih partners a/s;
fimecap de cv;890347
finadvice;5048499
finadvista ou;
finance & perspectives;21140583
financial corporation uralsib;
financial managers;287889
financial solutions oy;
financial strategies consulting group;15584947
financial technology partners;34727
financial telesis;1981968
financiere cincinnatus;79111541
financiere monceau;25510381
financo;18101985
finansa;71225591
finansa securities;6476259
finanziaria canova srl;5961830
finaxeed sas;
fineman ross;28990066
fineurop soditic;100884
finexsi;1331794
fininnov corporate finance;
finlife corporate finance;218715
finncap group;912377
finpoint advisers;
finpro capital advisors;
first abu dhabi bank pjsc;41258
first africa group holdings;13403295
first albany capital;12128
first capital partners;10310246
first capital securities co;1389495
first eagle investment management;58002730
first gulf bank pjsc;
first mercantile partners;5641408
first securities;163823
first shanghai capital;555078
first southwest company;20425
first state investments (uk);
firstcall india equity advisors private;27503451
firstcapital corporation;
fl advisors;10312502
fl partners;1596116
flagstaff partners;9424044
fleming family & partners;
flemings;40595
flinders group;2261225
florin finance;10310781
fls capital;935511
fmi corporation;15399178
focalpoint partners;116117
focus capital group;2357107
focus investment banking;49152
fondsfinans;68539
ford campbell freedman;2308375
foros;3182202
forsyth barr;134057
fort street advisers;
fortaleza capital;5281426
forthea;1632978
fortman cline capital markets;843856
fortress investment group;9751
forum capital;68952082
forum capital international;3275068
forward corporate finance;17979530
foster stockbroking;2040517
founder financing services co;58452
founder securities co;9191221
four partners advisory sim;
fourbridges capital advisors;1452928
fox-pitt kelton cochran caronia waller;63919304
france finance;26905873
franco lewis & co;
frank, rimerman + co;
fraser finance;300360
fredericks michael & co;46676
freeman & co;1640580
freitag & co;1204425
french duncan;470116
frenger international;153336
friend;165076
frontenac company;30578230
frontier investment banc corporation;
frontier management;348649
frp advisory group;11213132
ft advisors;268639
fti consulting;5509
ftn equity capital markets;570165
ftn midwest securities;34738
fubon securities co;8292558
fuji capital management co;31336033
fujian hongsheng;73963480
fuzall corporate finance;25870383
fynamore advisers;21102426
g2 capital advisors;1325920
g2 invest;1678708
g5 evercore;40976976
galatioto sports partners;102363
galaxis advisory;4165740
gambit corporate finance;1256115
gansu fangjia asset appraisal;
garanti securities;10065740
garbutt & elliott;20073809
gargoyle partners;18423656
gary steven findley & associates;
gate corporate finance;1072959
gates and company;82259
gazelle corporate finance;21246149
gazprombank oao;
gb/;428026
gbs finance;46626
gca corporation;6100848
gcg;31189
ge capital interbanca;61482118
ge vendor financial services (general electric);
gemini financial holdings;18162419
general capital partners,  (gcp);
generation development group;10472371
generational group;74692762
generis advisory;10376391
genesia;35536132
genesis capital;2385490
genesta finance;18680771
genuity capital markets;978774
georg lange corporate finance;41391958
george k baum & company;59839828
georgieff capital advisors;1610777
gerken capital associates;1571332
gertz & co;12827452
gf capital management & advisors;10854278
gf securities co;10113726
ghp group;1228920
gild corporate finance;2577445
gimar & co;557746
giuliani capital advisors;26577
giza singer even;302202
gkt;1528497
glass & associates;9359194
glc advisors & co;292594
gleacher & company;63423
gleacher shacklock;2053320
glitnir banki hf;
global capital partners;689416
global consumer finance advisory;9004075
global finance;26601
global hunter securities;15935374
global leisure partners;237443
global m&a partners;1181761
global markets capital group;102238
global strategy;68660
global wine partners (us.);
globalscope partners;3662539
globalturk capital;1845743
globalview advisors;143734
gmp firstenergy;71397708
gmp securities;33036
gneiss energy;15156250
gobbi & associati;
goetzpartners;61665
golden gate capital;34024
golden sun securities co;6134008
goldenhill technology advisors;
goldin financial holdings;10554752
goldman sachs & co;58181243
goldsmith agio helms;8209981
goldstate securities co;6900189
goodbody corporate finance;10140433
gordon dyal & co;11160555
goren capital group;2026698
gower management group;
gp bullhound;63517
gpf & partners;73475539
grace matthews;144004
grand cathay securities corporation;5518009
grand finance group co;
grand vinco capital;9155289
granite partners;2235481
granite tower capital;
grannus financial advisors;6066891
grant samuel;52055
grant thornton;2432
grant thornton ireland;222207
granville;1049920
gras savoye;19102719
grasberger, ziems & partner;
great lakes partners;42484
great wall glory securities co;41809077
greater china appraisal;
green cape finance;26866325
green manning & bunch,  (gmb);
greene holcomb & fisher;
greenfield partners;3683648
greenhill & co;15780
greenhill caliburn;930039
greenstone partners;3477434
greentech capital advisors;
greif & co;1786438
gresham advisory partners;5639192
greystone & co;
gridley & company;101689
griffin financial group;152948
grisons peak;861529
groton partners;115942
groupe carmin;48619835
groupe exelmans;
groupe ird;333296
growth capital partners;335468
growthpoint technology partners;878667
grt partners capital e participacoes ltda;
gruppo ersel;
gruppo levey & co;55278797
gryphon investors;1353256
gryphon partners;6381428
guangdong securities;5758041
guangdong sincere safe credit co;
guangdong zhong guang xin asset valuation company;
guangzhou securities co;6902275
guarita & associados;115976
guggenheim corporate funding;58662945
guggenheim partners;15823
guidehouse;28974109
guizhou huachuang securities broker co;
gulfmerger;463094
gulfstar group;59204
gunnallen financial;15825
guodu securities co;
guorong securities;
guosen securities co;43686969
guotai junan securities co;443617
guoyuan securities co;
gut corporate finance;64597110
gvg corporate finance advisors;41126176
h&s ventures;2074192
h&z unternehmensberatung;
hahnconsultants mergers & acquisitions;
haitong bank;57929556
haitong securities co;41737580
halcyon capital;73903421
hales & company;143994
hall chadwick;34959
hamburg commercial bank;13054727
hampleton partners;3365381
hana daetoo investment banking (formerly hana investment bank);
hana financial investment co;14446323
handelsbanken capital markets;4006
hanley, hammill, thomas;
hannam & partners (advisory);
harbert management corporation;46758
harbor hills partners;347940
harbor view advisors;9396923
harbury advisors;
hardy transaction management;266068
harpia capital ltda;2552373
harris williams;19410
harrison lovegrove & co;
hart shaw;660962
hartleys;18252653
harvey & company;383373
hatcher group;433518
hauck & aufhauser corporate finance;
havila partners;20963075
hayes novus;
haywood securities;34775
hazlewoods;101780
hb corporate;42480
hbos;3096
hc securities and investment;
hc wainwright & co;
hcf. hanse corporate finance;5830721
hdr partners;263494
headwaters mb;58225564
healthcare growth partners;1627660
heartful tax accounting;
heffernan financial advisory;53496714
heimari oy;
hekla corporate finance;586558
helaba landesbank hessen thueringen girozentrale;
helbling business advisors;18375
helder;25053539
hemingway corporate finance;3317621
henan jinshi asset appraisal;
henderson loggie;19196655
hengtai changcai securities co;43612737
hengtou securities (aka hengtai securities co., .);
herax partners;1272330
herbst hilgenfeldt partners;28492943
hercules capital;350169
heritage partners (formerly mvp partners);
hexagone capital;26813031
hichens harrison & co;
hide puylajarde mahieux libaud;
hideal partners;417392
highbank advisors;1764329
highbury partnership;18797518
highsea commercial investment consulting co;
hill street capital;134715
hina group;60950
hindal corporate;17874655
hinduja bank (switzerland);
hines associates;20308
hiq capital corporation;
hirashima e associados;24952235
hitz & partner corporate finance;1621737
hjalmarsson & partners;16231772
hlb international;640780
hlb kidsons;
hlp corporate finance;2922007
hms connect;10667774
hmt;456127
hoche partners;25719830
hoefer & arnett;68527
hogenhouck bv;
holliday fenoglio fowler;18930
hollyhigh international capital;1893733
hong leong financial group berhad;
hongta securities co;5737122
hongxin securities;41995952
hongyuan securities co;19199799
honoris finance;865052
horan & associates;70003360
horizon advisory services;18135690
horizon securities co;
hottinguer corporate finance;627689
houlihan lokey;164223
houlihan lokey (corporate finance);
houlihan smith & company;
hovde financial;8891566
howard frazier barker elliott;
howe barnes hoefer & arnett;68527
hq bank;30682539
hsbc;1241
ht capital advisors;
huaan securities co;41792379
huajin securities co;
huajing securities;13673644
huarong securities co;
huatai securities co;960074
huaxi securities co;12668684
huaying securities co;
hub capital partners;1943548
hubei wanxin asset appraisal;
hubei yongyehang appraisal consulting co;
hunter capital assessoria empresarial ltda;
hunter wise financial group;
hunting holdings;71673886
hutcheson & co;2033877
hvb corporate finance (formerly hvb consult);
hvs hodges ward elliott;18053529
hw corporate finance;22210784
hwabao securities;1313956
hwang capital (malaysia) berhad;
hyde park capital partners;
hyundai motor securities co;3230161
hã¼bner schlã¶sser & cie;
i-advise;10567796
i-deal development;790524
ibanez y gil;39066758
iberfinanz corporate advisory;
ibi corporate finance;91073
ibis capital;143587
ibs capital allies;2702475
icapital;3080201
icbc international holdings;
icea capital;8047587
icecapital securities;81988
ich capital;10011619
icici bank;2967
icici securities;34053972
icon advisers;51945
icp value;
icr westwicke;362106
idbi capital market services;27382648
idea capital;3260595
idj;489347
ieg - investment banking group;541518
ignite renewable capital;33285953
ikb deutsche industriebank;19122
ilirika dd;
im trust;3677554
imap (international network of m&a partners);
imap access 2 sp. z oo. (former access 2 sp z oo);
imap m&a consultants;711714
imap netherlands;247776
imap portugal;
imap southeast europe;2034297
imap sweden;
imbewu capital partners;2753807
imi - intesa sanpaolo;
imperial capital;3307690
imperial capital bancorp;513363
impulsa capital, sl;
in extenso;83127
incu corporate finance;1936206
independent advisor (marko capeta);
india brook partners;14617263
indusind bank;30265
industrial development bank of turkey (tskb);
industrial securities co;13652121
industrie consult international;12316388
infima;24973640
infinity capital;102831
infor financial;9384715
infranode;3006362
infrared capital partners;2171676
ing;2594164
ingefin ingenierie financiere;
ingenious corporate finance;31978
ingram forrest corporate finance;
initia corporate finance;1453985
inner circle sports;410258
innisfree;1622634
innovation advisors;11510568
innovation capital;3963667
innovative shareholder strategies;5132105
innovator capital;1539070
inovis capital;8763556
inside partners;1041717
inspirit partners;27129256
institutional financial markets;56978071
integrated finance;2621595
integrity management consulting;880239
intellectual capital advisory services;33572780
intelli corporate finance;5502293
intelligence unit consulting;2634198
interface entreprises;2604238
interfinancial corporate finance;145150
intermediate capital group;52126
intermonte securities corporate finance;
internal;4922
intesa sanpaolo;164437
intrepid partners;55170627
intuitucapital;45739734
inveniam corporate finance;10497116
invercaixa valores sv;
inverlink;92136
invest corporate finance;11023952
investec;4483
investment agency;21794
investment bank of greece;
investment one partners;24921641
investments & finance;1237897
inwestexpert corporate finance;
ipo beteiligungs-management nfg kg;
ipontix equity consultants;
ipopema securities;3194401
ir japan;153667
irg;15239959
iris cf;70981400
iris finance;6859170
irish bank resolution corporation;13415
irival consultoria;40045031
is investment securities;
isca ventures;2383782
ism capital;658188
israel discount bank;58783687
it exchangenet;3209995
itau unibanco holding;29028291
ithuba capital;2078030
iti capital;27149106
ivory capital asia;72015816
ivs investment banking;40948200
ixe grupo financiero de cv;35847947
ixis corporate & investment bank;
j jeffrey brausch & company;53921541
jackson corporate real estate;4391542
jacob securities;540371
jacobs capital;15176221
james cowper;59719
james h. avery co;
james s maude & co;
jamieson corporate finance;853478
janney montgomery scott;11424
janâ© overnames & waarderingen;
jarden;485399
jarlsberg partners;676160
jasper corporate finance;21120656
java capital;42790638
jay capital advisory;76555292
jb. north & co;
jc rathbone associates;
jefferies;5154
jefferies hoare govett;63871521
jegi|clarity;
jennings capital;57610614
jesup & lamont securities corporation;
jf capital advisors;9220079
jf mittelstandspartner;6440246
jh. chapman group, llc;
jianghai securities co;41809208
jll partners;117808
jm corporate finance oy;
jm financial;42676
jm morgan stanley;33940802
jm. finn & co;
jmp securities;4329582
john east & partners;
john gordon walton & co;20732536
john thomas financial;467494
jones lang lasalle incorporated;
joseph decosimo and company, pllc;
jp weber;707895
jpa brenson lawlor;1539592
jpmorgan;1068
jpmorgan cazenove;20795848
jsquare conseil;9298679
jumbo consulting;18092266
jung-il accounting corporation;
juniper advisory;545118
jz capital partners;6214968
jz securities co;355066
kaiyuan securities;76814718
kaleidos corporate finance;476810
kaufman bros;49549
kaufman, hall & associates;
kaulkin ginsberg company;
kaupthing bank hf;
kaupthing hf;
kaupthing singer & friedlander;55807
kb securities co;6494565
kbc securities;15786
kc capital;413369
kearney;2196
keefe, bruyette & woods;
kempen & co nv;
kenanga investment bank berhad;51905117
kendrick pierce & company;
kenneth j dalto & associates;3237536
kepler cheuvreux;3203469
kerius finance;933473
kerlin capital group;1402464
kessler financial services;10870811
kestrel capital (east africa);
key capital;8816
keybanc capital markets;8816
keynote corporate services;133632
keystone advisers;25171073
keystone mcf;
kgi group;117544
kidder williams;1707257
kidron corporate advisors;1032095
kim eng securities;518911
kinetic advisors;1696997
kingston corporate finance;200280
kingsway capital;13303060
kinmont;22262543
kinsella group;133577
kipco asset management co. ksc;
kippsdesanto & co;1717017
klecha & co;570756
klein & coll;1593015
klein and company;11541
kloepfel corporate finance;10882548
kma capital partners;75550
knight corporate finance;570764
knox & co;60100108
kon;6152
kordamentha;31142
korea development bank;91743
korea investment & securities co;744588
kotak investment banking;5635
kpmg;1079
kr & partners;2705560
krall & co;1287676
kreston reeves;121515
kt&partners srl;57956429
kudos;1253121
kudun and partners;14648961
kuhn capital;66667319
kumulus partners;28994880
kurt salmon us;
kvika banki hf;347590
kwc;164647
kwikgielen corporate finance;1164692
l&b partners;29118840
l&co /;1073
l'epervier;527557
l'lione & associes;
la baume finance;11015141
labs corporate finance;4986057
ladderup corporate advisory private;6678406
ladenburg thalmann financial services;2356392
lage jonason;
lake street capital;2880261
lake street capital markets;2880261
lambert & lee;
lambert energy advisory;22111353
landesbank baden-wuerttemberg;
landpoint corporate finance;794518
landsbanki corporate finance;
lane berry & co international;60727342
langham capital;75259
langtons;10693961
lansdowne capital;73918496
largilliere finance;1636579
larrainvial;36194
lasser advisory services;
lathrop & gage;3255702
latin finance advisory research;
laurens van asselt advisory bv;
laux & company;
layer 7 capital;11087225
lazard;4757
lazard carnegie wylie;
lbc corporate finance;20935602
lbo managers;5755072
lcl;11305
ld&a jupiter;41086211
leading ridge capital partners;945334
lecg corporation;
legacy capital;28642089
legacy partners group;82709
legg mason;5232
lego corporate finance;14595917
lehman brothers;1465
leimdorfer;51513936
leitnerleitner;1069660
lenner & partners;1554331
leonardo & co;918512
leonardo italy;43287455
leonardo midcap cf;6055256
leonhardt, dietl, graf & von der fecht;
leonis partners;27173538
leopold capital partners;
lepe partners;2578264
lewis charles securities;
lewis, birch & ricardo;
lexicon partners;75890
lexington corporate advisors;19434693
lfc partners;11220189
lg. zangani;
lgb corporate finance;18634544
lianchu securities co;
liaoning huachengxin assets evaluation co;
libertas capital corporate finance;63921563
libertas capital group;63887662
liberty corporate finance;461809
liberum capital;10241667
libra securities;59883
liechtenstein & cie.  & co. kg;
ligerion group;
lincoln international;22432
lindenaar & co;815474
linear capital;10776897
lingedael corporate finance;3093793
linkers capital;26040882
lion capital advisory;1566151
liontree advisors;25886069
livingstone partners;1082543
ljs holdings;328956
lloyds banking group;417361
lmc capital;69222634
lockdutton corporate finance;5210073
locus capital partners;
lodge partners;1496722
logion finance;6478131
lohmus, haavel & viisemann;
london & co;882641
london bridge capital;10956333
london technology partners;55081347
lonergan edwards & associates;6470772
longacre partners;72740025
lovewell blake;578293
lrg capital group;871492
lsc healthcare partners;
lucciola & partners;72150004
luciano favero (private investor);
ludovici piccone & partners;5340998
ludwig & co;3493072
luma partners;1210691
luminis partners;9329454
lwbj financial;
lxg capital;3184485
lydian capital partners lp;
lyra partners srl;
lytham partners;3892768
lytkowski & company;
m partners;118036
m&a advisory group, , the;
m&a securities sdn bhd;
m&c ventures;19922085
m2g;33260191
m6 business advisors;16155002
maasdael corporate finance;933474
macadam  (formerly murray winter & partners );
macadam capital partners;9126529
macarthur & co;471395
macdonald investments;76565460
macilvin moore reveres;
macquarie group;3537
macquarie private wealth;60161193
macquarie securities (asia) . . (macquarie funds);
madison park group;6446110
magisters;
mahler corporate finance;519137
mainsheet capital;42887
mainspring , sl;
majer & co;36309954
malaysian industrial development finance berhad;
managemens;12637832
management advisors;1235
mandatum & co;
mandel partners;1241479
mannheimer swartling;164838
mansartis;2915868
mansfield advisors;3476292
mansfield communications;3254503
map capital;1024117
mape advisory group;37622
mapes advisors;
maple securities (uk);
marathon capital;118021
marceau finance;5797575
marco polo advisor;1283416
marcos llado bertrand (private individual);
marechale capital;1796353
marion financial;1349865
mark holt & co;5048059
marketing management group;80766214
marks baughan & co;
marktlink fusies & overnames;
markus partners;73950963
marlborough partners;1356314
marlin & associates;35595671
marriot securities & investment co;
marriott & co;1530816
marsden clark corporate finance;19524867
marsh & mclennan companies;23850018
marsh, berry & co;
marshall & ilsley corporation;58320175
marshall & stevens;37703
marshall securities;55125161
martin wolf securities;
marwyn investment management;16958312
masazane capital;5416212
massellaz;73455792
masterlink securities;9403273
mastodon ventures;16016492
matrix capital markets group;69693
matrix corporate finance;18678190
matrix group;1117683
maxcap real estate investment advisors;378294
maxim group;8343
maybank investment bank berhad;
mayerhoefer & co;
mayfield partners;11087029
mazars;5126
mazzone & associates;352230
mba capital;2943134
mba lazard banco de inversiones;
mbc.- merchant banking consulting;10088132
mbcf;2434295
mc square capital;9552725
mcadams wright ragen;52651
mcb capital markets;5813115
mcbrides chartered accountants;2338210
mccafferty & company;21901091
mccoll partners;31837
mcconnell, budd & romano;
mcdouall stuart group;754233
mcf corporate finance;49560
mcgladrey capital markets;
mcguirewoods capital;13225501
mcinnes corporate finance;37786
mckinnon & company;
mcknight capital partners;
mcnamee lawrence & co;626089
mcqueen;45763
mcqueen financial advisors;1451256
mctrustco;
md johnson;2007916
media capital partners;3726240
medici corporate;118164
medinvest;69024354
mediobanca;13738
mediocredito trentino alto adige;6001183
meghraj capital advisors private;
meitav capital;11397673
melcap partners;5562018
melchersraffel;2705685
melcion, chassagne & compagnie;
meliorbanca;30249
mellenthin corporate finance;
melloni & partners;18827654
menzies;18698
merasco;72167647
mercator capital;8488498
mercer capital;83603
merchantbridge & co;22142347
merchantec capital ();
merchants and manufacturers bancorporation;
merck finck & co;41157155
mercury securities sdn bhd;
merger & acquisition services;2239924
merger & acquistion services;1762802
merger vision sro;1611709
meridian corporate finance;1467971
merit harbor group;
meritz securities co;1123027
merodis;2714301
merrill lynch;1178
merrill lynch petrie divestiture advisors (formerly petrie parkman & co);
merriman holdings;5808535
merriman wealth management;618248
merrion capital group;
mesirow financial holdings;
messier & associes;27115002
messis capital;6566026
messis finances;
meta corporate finance;348647
methorios capital;349880
methuselah advisors;10847395
metier private equity ();
metronome partners;19203873
metropolitan capital bank & trust;
metta capital;65747137
metzler corporate finance;
meunier & associes;25751279
mfc merchant bank;
mg advisors;20971394
mgb capital;79894629
mgi excellence & co;
mha tait walker, accountants and business advisors;
mhs corporate finance;1190775
mht partners;64406
michael p. kahn & associates;
middle market solutions;283843
middlecap partners;
midf amanah investment bank berhad;
midventum oy;1728117
midway advisory group;
milan kovacevic;54577645
miles advisory partners;754481
milestone merchant partners;40837103
mille capital;65857349
milleniumassociates;1999231
millennium finance corporation;379400
millennium investment banking;
miller buckfire & co;
millstein & co;58855312
mimb investment bank berhad;14442542
minaret capital;8115805
minmetals securities co;
minsheng securities co;43582018
mintz & co;8395819
minvestment banking;2637510
mirabaud group;26532
mirabaud securities;
mirae asset securities co;
mirus capital advisors;64206
mitchell charlesworth;132295
mitchell energy advisors;65287767
mitchell hartley advisers;15566654
mitfin;68974958
mitiska;52459
mitsio corporate finance;5950339
mitsubishi ufj securities co;8724427
mittel advisory;339032
mizuho financial group;7318
mj partners ltda;
mjc partners;3100099
mm. friedrichâ heilbronnâ &â fiszer;
mmg advisors;3681888
mmwarburg & co ( & co.) kgaa;
mnb maizels;
moag & company;
moelis & company;394293
molino facchinelli zerbini & partners;
momentum corporate finance;2876253
monocacy financial advisors;54742589
monroe financial partners;52139705
montalban;4993583
monte de piedad de madrid;
montgomery & co;236925
montpensier finance;1685650
montrose;3867031
montrose national partners;19043879
moore;166866
moore & smalley;
moore & van allen pllc;28175
moore kingston smith;32066
mooreland partners;59734
moorgate capital partners;
morgan joseph triartisan group;4788746
morgan keegan & company;
morgan keegan technology group;63210664
morgan stanley;497017
morpheus capital advisors;27386009
morrison low;509384
mosaic capital services   [india];
moss adams capital;
motilal oswal investment advisors;27829965
moyes and co;
mp corporate finance;984322
mpa morrison park advisors;2892999
mps capital services;
mru manner-romberg unternehmensberatung;
mti consulting;93101
mts health partners;118841
mufson howe hunter & company;
mulier capital;2047565
murphy noell;8252113
mustang capital partners;4122171
mxc capital;36017388
mxc capital markets;
mystic capital advisors group;132107
n+1 singer;
n+1 swiss capital;65219641
nabarro wells & co;
nachfolgekontor;12182511
nanjing securities co;5651966
nash & co capital;20874488
nash advisory;2549022
nassau group;9333320
natexis finance;49594
national bank financial;874902
national city corporation;6553437
natixis;157354
natixis partners spain;
natixis wealth management;11369861
natrium capital;33196946
natwest corporate advisory;
navigant capital advisors;4904
navigator capital group;70113
navigo partners;853310
navitas capital;329210
naylor capital corporation;
nbc stockbrokers;
nbk capital partners;10036888
nc advisory;166346
ncb corporate finance;
nci gestion;
ndb investment bank;6728961
nedbank capital;
needham & company;15291
nem due sgr;
nemrod finance;64563018
network corporate finance  & co. kg;
new boathouse capital;8148002
new deal advisors;6369262
new delhi corporate consultancy services;3495764
new harbor;3040777
new heritage capital;2536283
new holland capital;94246
new times securities co;5891973
new world corporate finance;5684916
newbridge securities corporation;76780
newfields advisors sdn bhd;
newgate partners;456181
newman lowther & associates ();
nexia samduk;
next! financial advisors;75276880
nexus investment corporation;5054628
nfinance;2889568
ng finance;2397408
nh investment & securities co;
nibc bank nv;
nielen schuman;1132184
nikolaus & co;2356839
noah advisors;679466
noah capital corporation;
noble & co;10556021
noble grossart;20858342
nodus capital;40672647
nolan & associates;1064914
nomura holdings;33587730
nomura international;22111107
noqca partners;8445487
nor capital;9177146
nord croissance sas, scr;
norddeutsche landesbank;41258134
nordea;2007
norden investment banking;
nordest merchant;8384554
nordfirst corporate finance;
nordhaven corporate finance;25046896
nordhaven corporate finance oy;
nordic m&a;10634141
norgestion;105159
normandie participations;77054861
normart;82931727
norte capital;11256252
north coast advisors;6001315
north point advisors;3978631
northeast capital & advisory;6711580
northeast securities co;3995148
northern securities;56224
northington partners;3038580
northland capital partners;1367145
northpoint advisors;1367153
noventus partners;4314070
novitasftcl;10458069
novum securities;3848752
nra capital;13273448
nrg capital partners;9502871
numerica group;17758499
numis securities;21525989
nykredit;4339
o&r corporate finance mbh;
o3 capital global advisory;27911207
oakley advisory;10506978
oaklins;15203584
oaklins austria;37403272
oaklins lithuania;2939527
oaklins netherlands;46657
oaktower partnership;2428441
oaktree financial advisors;2814950
obair partners;26261123
oberon securities;1057054
objective capital partners;
oc&c strategy consultants;8203
ocean merchant corporate finance;18644340
ocean partners;1330147
octal capital;5624611
oddo bhf;9208
odin financial advisors;1780588
odyssey corporate finance;
oem capital;105882
oertel scheller  (os);
oghma partners;1001539
ohana & co;6608027
old well;33244366
olimpia partners;1403586
oloryn partners;2461182
olsen palmer;15225596
olympus capital group;
omega capital;18623651
omega capital corporate finance;11035279
ondra partners;1033735
one capital;1419
one square advisors;28654853
onetoone corporate finance;60396
onex falcon;135807
oppenheimer & co;94079
opticroissance;147088
optim&a;43010
optima capital;55041341
optima corporate finance;1490141
optima corporate sl;
optima group;2143360
opus corporate finance;1581359
oquendo corporate;5798479
orange corporate finance;9272693
orbis partners;5037316
oriel securities;64249593
orient securities company;1899434
orient securities investment banking;3564860
oriental prosperity management;13398620
origin capital;9407498
origin capital group;1138268
origin merchant partners;2735710
orion corporate advisory services;3721428
orion finance corporation;63993663
orion securities;165346
osk investment bank berhad;
osprey capital partners;12805
ostrowski & company;
otkritie holding jsc;
otsana capital;
otus & co;2568889
oved, gubi & co;
oversea-chinese banking corporation;41881703
oxeye advisors;10894337
oxigen;154843
ozman & co corporate finance;
oâ€™sullivan partners;
p&m corporate finance;60478
p2c-partners;2503837
pa consulting group;10265804
pac partners;3497047
pacific road corporate finance;
paf securities;223654
pagemill partners;
painewebber group;
pakenham partners;9347244
palazzari & turries;489134
pali capital;31766
pall mall capital;64900
palladio corporate finance;61853503
palladion partners;36341091
palladium capital advisors;
pambianco strategia di impresa srl;105777
pangaea securities;4793939
pangea property partners;2343824
panmure gordon & co;
panrise;17898728
paracap group;1562060
paradigm capital;84546
paragon capital partners;1811526
pareto securities;3090730
paris corporate finance;15212248
park national corporation;56925883
park partners;37381051
park place corporate finance;1920233
park sutton advisors;9127311
parker/hunter incorporated;4591
parks paton hoepfl & brown;
parsec finance srl;
partners;33732
partners capital international (hong kong);
partnership capital growth;915467
pasadera capital;10794617
pathway partners;7580233
pathway ventures;23758335
patria corporate finance;18202322
patriot capital;774198
paul j. taubman (individual advisor);
pax consult;787513
pax corporate finance;858518
pc capital;1928695
pc hansen & co;18588039
pce investment bankers;119402
pce investors;1079367
pdf corporate finance;881161
peel hunt;31055
pekao investment banking;18029691
pelham street capital;
pem corporate finance;551937
pembroke group;9197831
pendulum capital;8181077
per karlsson and company;
peregrine capital partners;8664077
peregrine corporate finance;
perella weinberg partners lp;62723847
performance trust capital partners;52680
perseus;25050544
perspektiv;13584721
peter a sokoloff & co;
petercam;10164468
peterhouse capital;5315376
peters & co;119712
peters associates;25946
petersen capital corporation;
petrie partners;15388788
pgp capital advisors;1807737
phalanx capital;419854
pharus advisors;55584865
phatra securities public company;
phidelphi corporate finance;2847017
philadelphia brokerage corporation;
philippe hottinguer finance;2816136
philippe villin conseil;46547900
philo smith & co;
phpartners;
pi capital international;14070295
pi financial;989631
pickering pacific;343531
pilko & associates, lp;
ping'an securities co;
piper sandler & co;
piraeus bank;9932
pirola corporate finance;10625013
pitcher partners;165478
pitt capital partners;8668147
pjt partners;10250583
pk partners;1577821
pkf (uk);
pkf attest;1078028
pkf australia;18879068
pkf francis clark;398023
pkf-vmb;22859811
pl advisors;3152644
plante & moran;53702962
plante caneaux expertise conseil;
platinum securities company;5301815
plethora businesses;244595
ploenchit capital co;
pm securities sdn bhd;130708
pmg capital corporation;
pohjola corporate finance;8481522
polaris securities co;
ponthieu partners;50599792
porsadin sas;
porta finance;2484070
portico capital securities;6896980
portunas;
potomac capital conseil;
pottinger co;41093477
poyry capital;82734582
ppb advisory;1560612
prabhudas lilladher private;400531
praestantia;34225206
pragma corporate finance;537506
prairie state bancshares;57947329
pramex international;350339
precipice capital corporation;
preston todd advisors;
pricehorne;15770839
primary capital;56539
primepartners corporate finance;129498
principal real estate europe;9443536
priscus finance;11484551
prism corporate broking;1391363
privredna banka zagreb d d;12851
proactive capital group;56316321
probank austin;958946
procorp asa;23066107
profession finance;10149442
progress partners;77229
prosperity investimentos e gestã£o ltda;
prothea;701462
proton bank;201499
proton capital;1306552
protos energy advisory;1310965
provenance capital;68972060
proventis partners;121964
provident healthcare partners;148106
pruzan & co;
psg capital;64615062
psource capital;9187521
pt danatama makmur;6007064
public investment bank bhd;
puhl  & co. kg;5715541
punongbayan & araullo;53307
putnam lovell nbf;28038
pwc;1044
pwc transaction services;65139429
q advisors;70433
qatalyst group;63473329
qinisele resources ();
qinvest;575164
quadrangle group;45099
quantum capital partners;4844147
quantum corporate finance;12078091
quantuma;3123727
quarterdeck investment partners;62728853
quartile partenaires;
quarton international;1608883
quazar capital corporation;
quercus corporate finance;4107165
questco;928834
quilvest;94725
quintus partners;4869569
quirinus capital;
quist partners;10021593
quore capital;2223103
quorum group of companies;
r&d venture partners;2306727
rabobank;1970
raiffeisen bank international;1347312
raine group;588138
ramcke & co. corporate finance;41305725
rand merchant bank;6837
raphael financial advisory;10341404
rath, anders, dr. wanner & partner;
rautenberg & company;5054784
raymond james;4207
raymond james corporate finance;12585465
rbc capital markets;1800
rbi advisors;8488254
rbsa advisors;246651
rca corporate finance;10351507
rcf corporate finance;94793
reanda m y wu & co;
record point;1414152
redbaenk;628795
redeye;2752711
rees pollock;
regent assay;2660580
reimei global advisors;
reiten & co;77200
reliance capital;2376
religare capital markets;30037
renaissance capital;1029637
renninger & associates;64952790
republic capital group;15205773
republic partners;1521855
research capital corporation;29252
resolution partners;2288612
restrukturierungspartner rsp  & co. kg;
results international group;8896381
retail capital advisors;36797442
reyes tacandong & co;1091025
reyl & cie holding;
rfc ambrian;3212773
rgs partners;3031224
rhb investment bank berhad;
rhk capital;11055886
rhone capital;78129583
richmond park partners;463551
rickitt mitchell & partners;20041551
ricol et lasteyrie et associes;
ridgecrest advisors;1451351
ridgemont equity partners;1175762
rightliens;28619360
rio bravo investimentos;39618
rippledot capital;2181624
ristrutturazioni & sviluppo;76172296
ritterwald;10940973
river group;415953
riverhill partners;628712
riverwide;67485630
rivington capital advisors;6725454
rn2 advisors;
robert de ruiter;
robert w. baird & co. incorporated;
robertson stephens;11794042
robertsons chartered accountant;
robey warshaw;10003534
robson taylor corporate finance;
rockefeller capital management;11511462
rockworth management partners;376838
rodman & renshaw capital group;
roedl & partner;27063555
roever broenner susat mazars  & co. kg;
roger g. powell;
roger williams;19341
rohatyn associates;
roland berger;3950
roland conseil;47324263
rolland, berger & associes;
roman friedrich & company;
ross road partners;
rossoff & co;
roth capital partners;19644
rothgordt & cie;
rothschild & co;5298
rowan dartington & co;21269761
royal bank of scotland group;7983731
royce peeling green;
rp financial, lc;
rp&c international;
rp3 prosperity;
rpa advisors;15765889
rs group;81290626
rs platou markets;
rsm;3743
rsm bentley jennison;
rsm mcgladrey;3743
rsm nelson wheeler;
rsm robson rhodes;
rsm tenon group;55094652
rsm uk group;836180
rubicon capital advisors;2424956
rubicon partners corporate finance;64960395
rubino & mcgeehin;
ruegg & co;21483448
russell bedford international;241836
russian investors;
ryan beck & co;14953
sac capital private;8411201
saci reberty;5915204
saffery champness corporate finance;25532
sagent advisors;
saitama resona bank;
sal. oppenheim jr. & cie. kgaa;12311
salamandre global advisory services;
salans;165821
sallfort privatbank;2754922
salman partners;106373
salomon smith barney;27134215
samco capital markets;41238
samsung securities co;
samuels corporate;22113951
sancovia corporate finance;9247018
sanderson weatherall;84856
sandgrain securities;6351728
sandler o'neill & partners;
sandton partners;1404634
sangyo sosei advisory;5879364
sanlam securities uk;63861157
sanlam securities uk  (formerly merchant securities group );
sansara financial services ();
sanston securities australia;31515183
santander bank polska;6402
santander corporate investment banking (scib);
saola healthcare partners;54859855
sapient corporate finance;6748843
sapphire professional services;7644906
sardis capital;83924810
sars;8465
sasfin capital;33250299
saski partners;1834083
satori investments;8735339
savile capital;24785887
savvian advisors,  (formerly perseus group );
savvian kk;
sawaya partners;106528
saxenhammer & co. corporate finance;15082664
sazun;18048531
sb indo advisors kk;1912214
sbc capital;65486747
sberbank cib (sbercib);
sberbank oao;
sbi capital markets;13442
sbi china capital;13442
sc&h group;33639
scale finance;392105
scan securities oy;
schapira group;
schnitzius & vaughan;
schroder salomon smith barney (sssb);
schwartz investment house;3192225
scotiabank;3139
scott & stringfellow;5345252
scott goodman harris;58073952
scott-macon;84877
scouting capital advisors;76974224
screen capital international;
scs global holdings;
sdm-valorum corporate finance group nv;
sdr;53123772
seabury group;59619403
seahawk capital partners;8627965
sealand securities co;3993831
seale & associates;129644
seb;2527
sedley richard laurence voulters;9013294
sefico nexia;5280427
sella corporate and investment banking;
sema;4912
seneca financial group;63677358
seneca partners;94608
senior housing investment advisors;2079519
sennet capital;
sentio partners;2643679
septentrion finance;8024178
sequence advisers;15177605
sequoia;11190
serafin brothers;
serficor partners sapi de cv;
seven capital partners;35468572
seven hills partners;69699565
sevenstones;11303509
sf&p advisors;10266171
sfri;9221941
sgi cambium;
sgp schneider geiwitz;12850102
shan finance;6247844
shandong haitian certified public accountants co;
shanghai cai rui assets appraisal co;
shanghai changxin certified public accountants co;
shanghai lixin appraisal co;
shanghai orient appraisal co;80299021
sharwood;19209705
shaw & co;3220001
shea & company;703367
shengang securities co;
shenwan hongyuan group co;
shenwan hongyuan securities co;19199799
shenzhen gtja investment group co;
shenzhen nanfang-minhe certified public accountants;
shenzhen tian sheng ren he economic information consulting co;
shibumi corporate finance;8321728
shinhan investment;8207809
shiraz partners;60139690
shore capital group;9362283
shorts chartered accountants;
shreeveport;61027
si corporate finance;
sica | fletcher;10990402
sichuan junhe certified public accountants;
sico bsc (c);
sigma corporate finance;5051660
signadile;10983153
signia corporate finance;19792857
sikich;61013
silk road capital group;
silom advisory co;
silver lane advisors;2528274
silver portal capital;18254903
simbios;65759955
simmons & company international;22228563
simmons corporate finance;8520567
sin&rgetica;155779
singhi advisors;108256
singular partners;1650932
sino resources capital;1192914
sinolink securities co;43827034
sisu partners oy;
sk securities co;
skarpa;6448688
skyway capital partners;
slate partners;3691645
smadvisory;
smailes goldie;2883502
smc corporate finance;5197865
smh capital;
smith & williamson holdings;21044727
smith & williamson solomon hare audit;
smith square partners;2536644
societe generale;1691
societex corporate finance;147349
socios financieros;39690530
socius advisors;2799737
soderlind & co;741729
sofipa sgr;
solomon partners;36478
somerley capital;4831187
sonar corporate finance;1938781
sonenshine partners;77759
sonntag corporate finance;7539893
soochow securities co;3992677
sopaf;95721
source capital group;10067509
south china capital;54348436
southwest securities;12703
southwest securities co;6142795
sovereignty capital;973378
sparebank 1 markets;310403
sparebank 1 sr-bank markets;47781
spark advisory partners;3343434
spark capital;1108479
spayne lindsay & co;2278959
spectrum corporate finance;1363086
spencer house partners;445937
sphere partners;525198
springboard corporate finance;2607568
springer;7051
springfords;8544722
sprott securities;8358441
spurrier capital partners;1038428
squarefield;2799354
squareness;9307046
src;23554
srp advisors;3235288
ssg capital advisors;487513
st helen's capital;
st. charles capital;71360
stafford group;4862257
stamford partners;128751
standard bank group;3551
standard capital group;10425474
standard chartered;2235
standard chartered bank (singapore);
stanford financial group company;
stanhope capital;128668
star capital corporate finance;3300540
statesman business advisors;128268
steen associates;687759
stein & shoenfield;
stella eoc;
stephens;9462
stepstone corporate finance+;18983397
sterling corporate finance;
sterne agee group;77835
steve bartlett corporate finance;
stifel/kbw;10194
stirling coleman capital;5771160
stockdale securities;725699
stockton road capital;971613
stone & youngberg;22131
stone bridge group (formerly tricom equities );
stone key partners;
stoneridge advisors;1302030
stonybrook capital;3223125
stout risius ross;
strand associates;35457
strand hanson;149015
strand partners;78283411
strata advisory;5140187
strata capital management lp;
strata partners;108160
strategic capital partners;95937
strategic corporate finance;1236884
stratema  (imap norway);
studio agfm;
studio capitani picone;69266605
studio gnudi e associati;
studio provasoli;
studio sebastiani;14023658
studio spada & partners;18268166
studio spadacini;5371696
sumitomo mitsui financial group;
summa advisers;2885952
summa capital oy;9356252
summerlin corporate finance;4447261
sundance advisors;11264902
sunrise securities;33193234
suntrust robinson humphrey capital markets;
sunwah kingsway capital holdings;
superia;10623393
susquehanna international group;165964
svb alliant (silicon valley bancshares, formerly alliant partners);
svb leerink;
swedbank;5049
swicorp;36737
swiss capital;6033791
sycomore corporate finance;5216233
symphony investment partners;1473861
syndeo capital;20661594
synercom france;7993070
synergy advisors;2551267
t r van oss;64029587
ta associates advisory private;2420576
ta securities holdings berhad;
taaleri kapitaali;
tae europa transactions sl;38983116
taifook capital;
taiga capital;60832
taishin securities co;45281
taiwan international securities;1126067
takenaka partners;107490
talent certified public accountants;2847490
tamburi & associati;
tamesis partners;10819599
tamir fishman;35380
tandem capital advisors;15225463
tango developpement;46546495
tardis capital private;8500291
target consulting group;2169814
tata capital;274087
taurus advisory;5276547
taylor collison;597365
taylor duignan barry;
taylor fry;802232
taylor-dejongh;56798
tc capital;123308
tc capital international;123308
td securities;33315467
teathers;11849365
teb investment;
tebon securities co;
technology holdings;11799449
tegris advisors;
temple capital partners;
tenebris realisations;64061095
tennor holding;25144647
texas corporate capital advisors;60867240
texas regional bancshares;62187351
the anglo chinese group;
the balloch group;
the bank of new york mellon corporation;162750
the bank street group;
the braff group;5706119
the bridgeford group;
the burke group;2770974
the camden group;73059375
the capital link;6420730
the capital solutions group;454705
the carson medlin company;
the chart group;7932033
the chertoff group;500864
the chesapeake group;95509
the corporate finance group;781609
the cypress group;29298
the dak group;416015
the edmonds group;647669
the food partners;939285
the greystone group;1124088
the kafafian group;2453700
the lenox group;10777144
the manhattan group;1759412
the mclean group;57364
the mercanti group;61350
the miller group;487376
the national investor prjsc;
the orr group;61847797
the pacific securities co;3994524
the peakstone group;519755
the presidio group;39339
the quant group;697590
the riverside company;21352
the roundstone group;20583247
the sage group;529548
the schonbraun mccann group;
the silc group;2632348
the silver company;1227600
the spartan group;124656
the steve stuart partnership (tssp);
the tokarz group;85464241
the valence group;
the van tulleken company;78683
the yale group;1699105
thing on securities;39394
thinkequity;35578864
thm conseil;25357806
thomas weisel partners group;
thommessen;31522
threadstone lp;
three keys capital advisors;3319725
three ocean partners;2118294
three sixty seven advisors;65114955
tianfeng securities co;18563090
tiger adviser;
tiro capital;3962956
tis securities (hk);
tko miller;10631835
tm capital;71401
tmg corporate finance;
tml finance and advisory;
torch partners corporate finance;16891136
touchstone securities;63929755
toulouse & associes;26360184
tower capital & securities;28024067
tp icap;11005048
tpa horwath corporate finance consulting;
tpa valuation & advisory;3361483
tradinveste corporate advisors;
transact advisory services  & co. kg;5136600
transactions application group;165652
transcapital;14557201
transcend corporate;1261703
transfer partners;5220981
transforce mergers & acquisitions;6475255
translink capital;5362189
translink corporate finance;898509
translink strempel & co;
transworld capital group;915364
treadstone resource partners;3742856
trefethen & co;
tremont capital management;50657
tremplin;18486024
tri-artisan partners;64224591
trianon corporate finance;1037936
triax capital advisors;591615
tricorn partners;125023
trigon capital;24174
trigon capital investment bank;
trigon group;5026253
trillium partners;2949012
trilogy capital partners;
trinity advisers;5750585
trinity advisory group;6037669
trinity capital;3141934
trinity securities group;13265164
tripletree;65863
tristone capital;40911680
trudeau & trudeau associates;15740237
truenorth capital partners;705856
truist securities;14063220
truscel capital;1576306
tudor, pickering, holt & co;
turquoise international;124283
tw finance;9022554
twice corporate srl;
tyton partners;9271637
u group;7037302
ubi banca;1255190
ubs investment bank;1213
ucc capital corporation;
ugf merchant;
uhy international;1524634
ultra advisors;5367126
une asesores;18386478
uniao de bancos brasileiros;24440361
unicapital;19136737
unicon financial services;2205818
unicredit banca mobiliare  (ubm);
unicredit bank austria;209738
unicredit group;
unicredit mediocredito centrale;
union square advisors;384953
unistudio advisory;9549768
united community banks;5825167
united overseas bank;6883
unlu & co;2793520
unw;15140799
uob-kay hian holdings;
updata advisors;
us corporate ventures group;1784
usbx;41595
v4 financial partners;18724666
valactif;80496831
valeur capital;10153746
valexcel;601203
valor partners;109385
value convergence holdings;9037068
value partners;7326
valuetrust financial advisors se;3509331
valufinder group;2633427
van cauter-saeys & co;
van oers corporate finance;96886
van reybrouck;18132546
vanho securities;33243330
vantis;33454240
vaquero capital;2433875
vd&p corporate finance (value driven people);
veber partners;3635562
veda capital;73226247
veda corporate advisors;126584
vengate capital partners company;
venice shipping and logistics;10976491
ventura partners;3504475
venture management;126513
vermilion partners;127595
veronis suhler stevenson;64238807
versatus advisers;1273319
vertess;3600083
vervisch overnamebegeleiding;23645205
vgd corporate finance, sro;
vgl - fusãµes & aquisiã§ãµes;
viant capital;
vickers ballas & co;
victoria partners;2520137
vienna capital partners;78242
viet capital securities joint stock company;
village capital;2348246
vinanssi oy;
vinci partners;16255205
vining-sparks ibg lp;52441349
vintage capital srl;
violy & company;84782935
virtus br partners;1555825
viscardi;2174040
viset partners;11030751
vista point advisors;1743220
vitale & co;1816677
vl finance;50696213
vocation international;14419628
vogel strategies;1508784
volio capital;65719985
vollman brothers;20690584
vondel finance bv;
vp finance;19941373
vr corporate finance;18919418
vra partners;3319327
vsa capital group;4472714
vtb capital;211278
vulcain;1182854
vunani corporate finance;8471260
w capital markets;14423035
w partners group;592398
wachovia corporation;5621125
wagram corporate finance;1907406
wall street management company;
wallbanck brothers;8786590
waller capital partners;2763229
waller helms advisors;9177985
wanlian securities co;2678211
ward hadaway;66008
wasserstein perella & co;
watch hill partners;36784
watersheds corporate finance;2141556
waypoint change;1890483
wbb securities;127371
wedbush;13054
weigel corporate finance;10645173
wellington shields co  (formerly shields & company);
wellington west capital markets;71645
wells fargo securities;1235
west hill corporate finance;343972
westchester technology advisors;2898903
western securities co;78359
westfalen corporate finance;27124983
westhouse securities;63921851
westlb mergers & acquisitions;
westlb panmure;4966
westminster securities corporation;78328
westwind partners;31594
wg partners;2468020
wgz corporate finance beratung;
wh ireland group;1842111
wh management;75024993
wheb group;851294
white capital advisory;25639292
white point capital;24797597
whitehawk advisory;15609057
whitehelm capital;852517
whitman howard;1757220
whk horwath brisbane (formerly william buck brisbane);
wiklund & partner;
wil consulting;5639094
willamette management associates;24936
william blair & company;62602294
williams & company communications;97139
williams de broe;21780373
willis stein & partners;57543
willis towers watson securities;
wilson gillespie & co;
wilson partners;1665955
wilsons;18298
winchester capital finance;37462687
wind point partners;1214784
windrose health investors;
windsor group;4983718
windward capital partners, lp;
wine bankers & co;1921486
wineus;2978967
wingate corporate finance;6474505
winghaven partners;20612692
wisdom wealth resources investment holding group;
with accounting corporation;151444
witlox van den boomen accountants nv;31537
wk corporate finance;7932095
wmcf;11435451
wood & company financial services as;
woodbridge group;6867581
woodrock & co;126181
woorim accounting corporation;151444
worldbridge consulting group;
wr hambrecht + co;11345
wunderlich securities;52477137
wunworks;3649215
wyvern partners;1554871
wã¶ge & co;
xavier group;15261934
xenon capital partners;993955
xiangcai securities co;43648585
xk corporate finance;8300075
xms capital partners;725457
yapi kredi invest;65840548
year to date;3153019
yes bank;269604
yes corporate finance;10575911
yingda securities co;43476895
yorkway capital partners;
young & partners;2710650
young jin advisory group;
yris corporate finance;46260187
ys finance sas;
yu ming investment management;8364423
yuanta securities co;61552
yuekai securities co;
yunfeng financial group;13326459
zadar capital;3027109
zambeletti;21411184
zanders & partners holding;25130455
zaoui & co;4982094
zelig associates;
zelman & associates;1017012
zerbach & company;5133822
zeus capital;17936714
zheng ye lian he;
zheshang securities co;3073023
zhonghe appraisal co;
zhonghe zhengxin;
zhongshan securities co;43769424
zhongtai securities co;14632108
zhongwei zhengxin (beijing) assets appraisal co;
ziegler capital management;2879213
zimmerman adams international;
zions bancorporation;6184
zj advisory sdn bhd;8421767
zlomrex;36859940
zolfo cooper;325426
zolfo cooper corporate finance;
ztf securities co;